timestamp,weakest_etf,prev_best_calmar,prev_best_cell,name,ticker,axis,labeler,thresh,sizing,real_calmar,real_da,trades,g2_pass,deployable,synth_cal,train_auc,val_auc,real_sharpe,real_skew,real_kurt,n_days,is_winner,kept_as_new_best,train_status,infer_status
2026-06-01T15:45:14,TLT,-0.1543,TLT_dollar_R5,A,TLT,vol,carry,0.55,binary,-0.1431,59.2395,17,False,False,-0.7042,0.9099,0.6978,,,,,True,False,completed,completed
2026-06-01T15:45:14,TLT,-0.1543,TLT_dollar_R5,B,TLT,dollar,kmeans2stage,0.45,binary,-0.1431,59.2395,17,False,False,0.0,0.0,0.0,,,,,False,False,completed,completed
2026-06-01T15:52:41,TLT,-0.1543,TLT_dollar_R5,A,TLT,vol,carry,0.55,binary,0.0,0.0,0,False,False,0.0,0.0,0.0,,,,,True,False,Runtime Error,?
2026-06-01T15:52:41,TLT,-0.1543,TLT_dollar_R5,B,TLT,dollar,kmeans2stage,0.45,binary,-0.1431,59.2395,17,False,False,0.0,0.0,0.0,,,,,False,False,completed,completed
2026-06-01T15:56:04,TLT,-0.1543,TLT_dollar_R5,A,TLT,vol,carry,0.55,binary,-0.1431,59.2395,17,False,False,-0.7042,0.9099,0.6978,,,,,True,False,completed,completed
2026-06-01T15:56:04,TLT,-0.1543,TLT_dollar_R5,B,TLT,dollar,kmeans2stage,0.45,binary,-0.1431,59.2395,17,False,False,0.0,0.0,0.0,,,,,False,False,completed,completed
2026-06-01T16:05:35,TLT,-0.1543,TLT_dollar_R5,A,TLT,vol,carry,0.55,binary,-0.1431,59.2395,17,False,False,-0.7042,0.9099,0.6978,,,,,False,False,completed,completed
2026-06-01T16:05:35,TLT,-0.1543,TLT_dollar_R5,B,TLT,dollar,kmeans2stage,0.45,binary,0.0,0.0,0,False,False,0.0,0.0,0.0,,,,,True,False,completed,completed
2026-06-01T16:11:10,TLT,-0.1543,TLT_dollar_R5,A,TLT,vol,carry,0.45,cdf_plain,-0.2852,40.0256,56,False,False,-0.7501,0.9099,0.6978,,,,,False,False,completed,completed
2026-06-01T16:11:10,TLT,-0.1543,TLT_dollar_R5,B,TLT,dollar,kmeans2stage,0.45,cdf_plain,0.0,0.0,0,False,False,0.0,0.0,0.0,,,,,True,False,completed,completed
2026-06-01T16:14:38,TLT,-0.1543,TLT_dollar_R5,A,TLT,vol,carry,0.55,ls_cdf,-0.2929,56.7914,60,False,False,-0.7552,0.9099,0.6978,,,,,False,False,completed,completed
2026-06-01T16:14:38,TLT,-0.1543,TLT_dollar_R5,B,TLT,dollar,kmeans2stage,0.55,longshort,0.0,0.0,0,False,False,0.0,0.0,0.0,,,,,True,False,completed,completed
2026-06-01T16:18:38,IWM,0.6542,IWM_vol_R4detuned,A,IWM,vol,kmeans2stage,0.45,cdf_overlay,0.0,0.0,0,False,False,0.0,0.7625,0.3895,,,,,False,False,completed,completed
2026-06-01T16:18:38,IWM,0.6542,IWM_vol_R4detuned,B,IWM,dollar,carry,0.45,cdf_plain,0.2532,20.6227,564,True,True,-0.1358,0.8851,0.8358,,,,,True,False,completed,completed
2026-06-01T16:21:47,IWM,0.6542,IWM_vol_R4detuned,A,IWM,vol,carry,0.45,cdf_overlay,0.0,0.0,0,False,False,0.0,0.0,0.0,,,,,False,False,completed,completed
2026-06-01T16:21:47,IWM,0.6542,IWM_vol_R4detuned,B,IWM,vol,bgm,0.45,cdf_overlay,1.131,5.6135,24,False,False,-1.5309,0.7176,0.5524,,,,,True,False,completed,completed
2026-06-01T16:32:46,TLT,-0.1543,TLT_dollar_R5,A,TLT,dollar,triple_barrier,0.5,ls_cdf,-0.2068,28.1905,284,True,True,0.8351,0.6201,0.4982,,,,,True,False,completed,completed
2026-06-01T16:32:46,TLT,-0.1543,TLT_dollar_R5,B,TLT,logdollar,tertile,0.4,ls_cdf,-0.0521,33.5189,71,False,False,2.7971,0.8338,0.5437,,,,,False,False,completed,completed
2026-06-01T16:35:44,TLT,-0.1543,TLT_dollar_R5,A,TLT,dollar,tertile,0.4,ls_cdf,0.0413,39.85,151,True,True,0.4932,0.8426,0.5126,,,,,True,True,completed,completed
2026-06-01T16:35:44,TLT,-0.1543,TLT_dollar_R5,B,TLT,tick,tertile,0.4,ls_cdf,0.4077,16.0389,59,False,False,1.6809,0.735,0.5553,,,,,False,False,completed,completed
2026-06-01T16:38:44,TLT,0.0413,TLT_dollar_tertile_ls_cdf_t0.40,A,TLT,entropy,tertile,0.4,ls_cdf,-0.0818,48.0879,70,False,False,2.1819,0.7861,0.5437,,,,,False,False,completed,completed
2026-06-01T16:38:44,TLT,0.0413,TLT_dollar_tertile_ls_cdf_t0.40,B,TLT,tick,multi_horizon,0.4,ls_cdf,0.0905,35.7028,13,False,False,0.4593,0.8083,0.3885,,,,,True,False,completed,completed
2026-06-01T16:42:52,TLT,0.0413,TLT_dollar_tertile_ls_cdf_t0.40,A,TLT,dollar,multi_horizon,0.4,ls_cdf,-0.0533,89.3271,16,False,False,0.3444,0.7687,0.5129,,,,,False,False,completed,completed
2026-06-01T16:42:52,TLT,0.0413,TLT_dollar_tertile_ls_cdf_t0.40,B,TLT,range,triple_barrier,0.5,ls_cdf,0.3122,11.0106,234,True,True,0.3102,0.6016,0.5114,,,,,True,True,completed,completed
2026-06-01T16:45:56,TLT,0.3122,TLT_range_triple_barrier_ls_cdf_t0.50,A,TLT,range,tertile,0.4,ls_cdf,0.2047,12.852,51,False,False,0.3115,0.5561,0.5327,,,,,True,False,completed,completed
2026-06-01T16:45:56,TLT,0.3122,TLT_range_triple_barrier_ls_cdf_t0.50,B,TLT,range,triple_barrier,0.5,longshort,0.1835,46.5531,49,False,False,0.1275,0.6016,0.5114,,,,,False,False,completed,completed
2026-06-01T16:49:58,TLT,0.3122,TLT_range_triple_barrier_ls_cdf_t0.50,A,TLT,range,bgm,0.4,ls_cdf,0.0192,13.8939,212,True,True,0.1824,0.692,0.4963,,,,,True,False,completed,completed
2026-06-01T16:49:58,TLT,0.3122,TLT_range_triple_barrier_ls_cdf_t0.50,B,TLT,range,agglomerative,0.4,ls_cdf,-0.034,39.9596,38,False,False,0.1705,0.5867,0.5019,,,,,False,False,completed,completed
2026-06-01T16:53:02,TLT,0.3122,TLT_range_triple_barrier_ls_cdf_t0.50,A,TLT,logdollar,triple_barrier,0.5,ls_cdf,0.7537,5.5332,292,True,True,1.6677,0.6859,0.5378,,,,,True,True,completed,completed
2026-06-01T16:53:02,TLT,0.3122,TLT_range_triple_barrier_ls_cdf_t0.50,B,TLT,vol,triple_barrier,0.35,ls_cdf,0.0046,33.032,218,True,True,6.762,0.7331,0.5824,,,,,False,False,completed,completed
2026-06-01T16:58:10,IWM,0.6542,IWM_vol_R4detuned,A,IWM,logdollar,triple_barrier,0.5,ls_cdf,0.5017,4.1638,308,True,True,0.2547,0.6779,0.5519,,,,,True,False,completed,completed
2026-06-01T16:58:10,IWM,0.6542,IWM_vol_R4detuned,B,IWM,range,triple_barrier,0.5,ls_cdf,-0.0819,5.47,221,True,True,0.0655,0.5597,0.5113,,,,,False,False,completed,completed
2026-06-01T17:01:03,IWM,0.6542,IWM_vol_R4detuned,A,IWM,logdollar,bgm,0.45,cdf_overlay,1.1046,12.8056,394,True,True,4.6981,0.687,0.6188,,,,,True,True,completed,completed
2026-06-01T17:01:03,IWM,0.6542,IWM_vol_R4detuned,B,IWM,dollar,bgm,0.45,cdf_overlay,0.9696,7.0454,739,True,True,1.8519,0.8422,0.6231,,,,,False,False,completed,completed
2026-06-01T17:06:47,XLE,0.7185,XLE_dollar_R5,A,XLE,logdollar,bgm,0.45,cdf_overlay,0.5978,9.0937,455,True,True,3.0455,0.7178,0.5956,,,,,True,False,completed,completed
2026-06-01T17:06:47,XLE,0.7185,XLE_dollar_R5,B,XLE,range,triple_barrier,0.5,ls_cdf,-0.0619,5.6513,1775,True,True,0.0119,0.593,0.5123,,,,,False,False,completed,completed
2026-06-01T17:09:56,XLE,0.7185,XLE_dollar_R5,A,XLE,logdollar,bgm,0.4,cdf_plain,0.592,12.5975,270,True,True,3.665,0.7178,0.5956,,,,,True,False,completed,completed
2026-06-01T17:09:56,XLE,0.7185,XLE_dollar_R5,B,XLE,dollar,triple_barrier,0.5,cdf_plain,0.2459,4.6577,206,True,True,1.6042,0.648,0.5396,,,,,False,False,completed,completed
2026-06-01T17:15:11,XLE,0.7185,XLE_dollar_R5,A,XLE,logdollar,multi_horizon,0.45,cdf_overlay,2.503,4.0631,92,True,True,0.6591,0.8689,0.8136,,,,,True,True,completed,completed
2026-06-01T17:15:11,XLE,0.7185,XLE_dollar_R5,B,XLE,dollar,multi_horizon,0.45,cdf_overlay,0.5236,18.8274,296,True,True,0.7785,0.8899,0.5528,,,,,False,False,completed,completed
2026-06-01T17:21:44,TLT,0.7537,TLT_logdollar_triple_barrier_ls_cdf_t0.50,A,TLT,logdollar,multi_horizon,0.5,ls_cdf,-0.0288,44.2215,42,False,False,0.0291,0.8313,0.4572,,,,,False,False,completed,completed
2026-06-01T17:21:44,TLT,0.7537,TLT_logdollar_triple_barrier_ls_cdf_t0.50,B,TLT,range,multi_horizon,0.5,ls_cdf,0.7478,10.1737,117,True,True,0.0448,0.8003,0.5804,,,,,True,False,completed,completed
2026-06-01T17:25:23,TLT,0.7537,TLT_logdollar_triple_barrier_ls_cdf_t0.50,A,TLT,entropy,triple_barrier,0.5,ls_cdf,0.0532,9.5156,189,True,True,1.057,0.6452,0.4945,,,,,True,False,completed,completed
2026-06-01T17:25:23,TLT,0.7537,TLT_logdollar_triple_barrier_ls_cdf_t0.50,B,TLT,vol,multi_horizon,0.5,ls_cdf,0.2029,37.2293,33,False,False,-0.1609,0.9821,0.6394,,,,,False,False,completed,completed
2026-06-01T17:29:52,TLT,0.7537,TLT_logdollar_triple_barrier_ls_cdf_t0.50,A,TLT,dollar,multi_horizon,0.5,ls_cdf,-0.0533,89.3271,16,False,False,0.3444,0.7687,0.5129,,,,,True,False,completed,completed
2026-06-01T17:29:52,TLT,0.7537,TLT_logdollar_triple_barrier_ls_cdf_t0.50,B,TLT,entropy,multi_horizon,0.5,ls_cdf,-0.2056,95.674,22,False,False,1.2937,0.8467,0.5014,,,,,False,False,completed,completed
2026-06-01T17:37:54,XLE,0.7185,XLE_dollar_R5,A,XLE,logdollar,multi_horizon,0.45,cdf_overlay,2.2559,5.9933,116,True,True,1.0736,0.8689,0.8136,,,,,True,True,completed,completed
2026-06-01T17:37:54,XLE,0.7185,XLE_dollar_R5,B,XLE,dollar,multi_horizon,0.45,cdf_overlay,0.7425,14.0992,682,True,True,0.7552,0.8899,0.5528,,,,,False,False,completed,completed
2026-06-01T17:42:06,XLE,2.2559,XLE_logdollar_multi_horizon_cdf_overlay_t0.45,A,XLE,logdollar,always_long,0.45,cdf_overlay,0.8268,37.8459,657,True,True,0.8501,0.5,0.5,,,,,True,False,completed,completed
2026-06-01T17:42:06,XLE,2.2559,XLE_logdollar_multi_horizon_cdf_overlay_t0.45,B,XLE,logdollar,bgm,0.45,cdf_overlay,0.4652,11.7627,493,True,True,1.5151,0.7178,0.5956,,,,,False,False,completed,completed
2026-06-01T17:50:00,TLT,0.7537,TLT_logdollar_triple_barrier_ls_cdf_t0.50,A,TLT,logdollar,triple_barrier,0.5,ls_cdf,0.6263,5.5631,325,True,True,1.6677,0.6859,0.5378,,,,,True,False,completed,completed
2026-06-01T17:50:00,TLT,0.7537,TLT_logdollar_triple_barrier_ls_cdf_t0.50,B,TLT,range,multi_horizon,0.5,ls_cdf,0.4867,12.9483,187,True,True,0.3084,0.8003,0.5804,,,,,False,False,completed,completed
2026-06-01T17:54:11,IWM,1.1046,IWM_logdollar_bgm_cdf_overlay_t0.45,A,IWM,logdollar,bgm,0.45,cdf_overlay,0.7146,11.9697,593,True,True,0.2088,0.687,0.6188,,,,,True,False,completed,completed
2026-06-01T17:54:11,IWM,1.1046,IWM_logdollar_bgm_cdf_overlay_t0.45,B,IWM,logdollar,always_long,0.45,cdf_overlay,0.5694,37.1988,701,True,True,0.0908,0.5,0.5,,,,,False,False,completed,completed
2026-06-01T17:59:11,TLT,0.6263,TLT_logdollar_triple_barrier_ls_cdf_t0.50,A,TLT,logdollar,bgm,0.45,ls_cdf,0.2116,12.1118,101,True,True,1.6132,0.7174,0.5765,,,,,False,False,completed,completed
2026-06-01T17:59:11,TLT,0.6263,TLT_logdollar_triple_barrier_ls_cdf_t0.50,B,TLT,logdollar,triple_barrier,0.5,longshort,0.3477,30.378,151,True,True,1.1108,0.6859,0.5378,,,,,True,False,completed,completed
2026-06-01T18:03:33,TLT,0.6263,TLT_logdollar_triple_barrier_ls_cdf_t0.50,A,TLT,logdollar,triple_barrier,0.5,ls_overlay,0.7654,5.1083,565,True,True,1.81,0.6859,0.5378,,,,,True,True,completed,completed
2026-06-01T18:03:33,TLT,0.6263,TLT_logdollar_triple_barrier_ls_cdf_t0.50,B,TLT,logdollar,triple_barrier,0.5,ls_cdf,0.6263,5.5631,325,True,True,1.6677,0.6859,0.5378,,,,,False,False,completed,completed
2026-06-01T18:06:58,IWM,0.7146,IWM_logdollar_bgm_cdf_overlay_t0.45,A,IWM,logdollar,multi_horizon,0.45,cdf_overlay,0.7788,5.7318,347,True,True,-0.06,0.9911,0.4456,,,,,True,True,completed,completed
2026-06-01T18:06:58,IWM,0.7146,IWM_logdollar_bgm_cdf_overlay_t0.45,B,IWM,logdollar,bgm,0.45,cdf_overlay,0.7146,11.9697,593,True,True,0.2088,0.687,0.6188,,,,,False,False,completed,completed
2026-06-01T18:10:43,TLT,0.7654,TLT_logdollar_triple_barrier_ls_overlay_t0.50,A,TLT,logdollar,tertile,0.5,ls_overlay,-0.0218,31.3075,531,True,True,2.0506,0.8338,0.5437,,,,,False,False,completed,completed
2026-06-01T18:10:43,TLT,0.7654,TLT_logdollar_triple_barrier_ls_overlay_t0.50,B,TLT,range,triple_barrier,0.5,ls_overlay,0.3258,10.2202,452,True,True,0.345,0.6016,0.5114,,,,,True,False,completed,completed
2026-06-01T18:15:33,TLT,0.7654,TLT_logdollar_triple_barrier_ls_overlay_t0.50,A,TLT,logdollar,triple_barrier,0.5,ls_overlay,0.7679,5.1088,566,True,True,1.8126,0.6859,0.5378,,,,,True,True,completed,completed
2026-06-01T18:15:33,TLT,0.7654,TLT_logdollar_triple_barrier_ls_overlay_t0.50,B,TLT,range,triple_barrier,0.5,ls_overlay,0.3256,10.2321,452,True,True,0.3446,0.6016,0.5114,,,,,False,False,completed,completed
2026-06-01T18:19:53,TLT,0.7679,TLT_logdollar_triple_barrier_ls_overlay_t0.50,A,TLT,logdollar,triple_barrier_tight,0.5,ls_overlay,0.1688,7.5915,828,True,True,1.5157,0.6546,0.5201,,,,,False,False,completed,completed
2026-06-01T18:19:53,TLT,0.7679,TLT_logdollar_triple_barrier_ls_overlay_t0.50,B,TLT,logdollar,triple_barrier,0.5,ls_overlay,0.7679,5.1088,566,True,True,1.8126,0.6859,0.5378,,,,,True,False,completed,completed
2026-06-01T18:24:42,TLT,0.7679,TLT_logdollar_triple_barrier_ls_overlay_t0.50,A,TLT,logdollar,triple_barrier,0.5,ls_overlay,0.677,5.6678,445,True,True,1.4672,0.6963,0.5325,,,,,True,False,completed,completed
2026-06-01T18:24:42,TLT,0.7679,TLT_logdollar_triple_barrier_ls_overlay_t0.50,B,TLT,logdollar,multi_horizon,0.5,ls_overlay,0.0141,41.9712,567,True,True,0.9551,0.8516,0.3896,,,,,False,False,completed,completed
2026-06-01T18:31:45,TLT,0.7679,TLT_logdollar_triple_barrier_ls_overlay_t0.50,A,TLT,logdollar,agglomerative,0.5,ls_overlay,0.0104,71.5146,737,True,True,1.0853,0.8552,0.5713,,,,,False,False,completed,completed
2026-06-01T18:31:45,TLT,0.7679,TLT_logdollar_triple_barrier_ls_overlay_t0.50,B,TLT,logdollar,bgm,0.5,ls_overlay,0.35,9.9591,409,True,True,1.6104,0.7174,0.5765,,,,,True,False,completed,completed
2026-06-01T19:02:54,GLD,0.7792,GLD_dollar_R5,A,GLD,logdollar,multi_horizon,0.45,cdf_overlay,0.4674,9.7217,245,True,True,0.2322,0.8577,0.5125,,,,,False,False,completed,completed
2026-06-01T19:02:54,GLD,0.7792,GLD_dollar_R5,B,GLD,logdollar,always_long,0.45,cdf_overlay,1.8021,20.4157,691,True,True,0.0675,0.5,0.5,,,,,True,True,completed,completed
2026-06-01T19:09:23,TLT,0.7679,TLT_logdollar_triple_barrier_ls_overlay_t0.50,A,TLT,imbalance,triple_barrier,0.5,ls_overlay,-0.1157,14.9829,296,True,True,1.5847,0.6566,0.4733,,,,,False,False,completed,completed
2026-06-01T19:09:23,TLT,0.7679,TLT_logdollar_triple_barrier_ls_overlay_t0.50,B,TLT,imbalance,bgm,0.5,ls_overlay,0.593,11.4084,660,True,True,2.8759,0.8563,0.6052,,,,,True,False,completed,completed
2026-06-01T19:13:05,TLT,0.7679,TLT_logdollar_triple_barrier_ls_overlay_t0.50,A,TLT,imbalance,agglomerative,0.5,ls_overlay,-0.1201,103.3325,1209,True,True,0.8924,0.9066,0.6725,,,,,False,False,completed,completed
2026-06-01T19:13:05,TLT,0.7679,TLT_logdollar_triple_barrier_ls_overlay_t0.50,B,TLT,imbalance,multi_horizon,0.5,ls_overlay,-0.0186,72.76,1092,True,True,1.2353,0.8044,0.6464,,,,,True,False,completed,completed
2026-06-01T19:18:51,XLE,2.2559,XLE_logdollar_multi_horizon_cdf_overlay_t0.45,A,XLE,logdollar,multi_horizon,0.45,cdf_overlay,2.2619,5.9863,116,True,True,1.1314,0.8689,0.817,,,,,True,True,completed,completed
2026-06-01T19:18:51,XLE,2.2559,XLE_logdollar_multi_horizon_cdf_overlay_t0.45,B,XLE,dollar,multi_horizon,0.45,cdf_overlay,0.676,12.9881,533,True,True,0.883,0.8899,0.6074,,,,,False,False,completed,completed
2026-06-01T19:22:17,QQQ,1.0965,QQQ_dollar_R5,A,QQQ,logdollar,always_long,0.15,cdf_overlay,1.2953,22.0363,811,True,True,0.0503,0.5,0.5,,,,,True,True,completed,completed
2026-06-01T19:22:17,QQQ,1.0965,QQQ_dollar_R5,B,QQQ,logdollar,multi_horizon,0.15,cdf_overlay,0.0,0.0,0,False,False,0.0,0.0,0.0,,,,,False,False,completed,completed
2026-06-01T19:25:25,HYG,1.2625,HYG_dollar_R5,A,HYG,logdollar,always_long,0.55,cdf_overlay,1.888,3.6684,779,True,True,-0.1869,0.5,0.5,,,,,True,True,completed,completed
2026-06-01T19:25:25,HYG,1.2625,HYG_dollar_R5,B,HYG,logdollar,multi_horizon,0.55,cdf_overlay,0.0925,0.2198,43,False,False,-0.0125,0.9091,0.7044,,,,,False,False,completed,completed
2026-06-01T19:28:26,EEM,1.3279,EEM_dollar_R5,A,EEM,logdollar,always_long,0.45,cdf_overlay,1.4032,25.4289,556,True,True,-0.2248,0.5,0.5,,,,,True,True,completed,completed
2026-06-01T19:28:26,EEM,1.3279,EEM_dollar_R5,B,EEM,logdollar,multi_horizon,0.45,cdf_overlay,0.0,0.0,0,False,False,0.0,0.8571,0.4777,,,,,False,False,completed,completed
2026-06-01T20:20:49,TLT,0.7679,TLT_logdollar_triple_barrier_ls_overlay_t0.50,A,TLT,tickimb,bgm,0.5,ls_overlay,0.0,0.0,0,False,False,-0.2386,0.7816,0.5894,,,,,True,False,completed,crash
2026-06-01T20:20:49,TLT,0.7679,TLT_logdollar_triple_barrier_ls_overlay_t0.50,B,TLT,tickimb,kmeans2stage,0.5,ls_overlay,0.0,0.0,0,False,False,0.0,0.0,0.0,,,,,False,False,completed,crash
2026-06-01T20:28:46,TLT,0.7679,TLT_logdollar_triple_barrier_ls_overlay_t0.50,A,TLT,tickimb,bgm,0.5,ls_overlay,0.0,0.0,0,False,False,-0.2386,0.7816,0.5894,,,,,True,False,completed,crash
2026-06-01T20:28:46,TLT,0.7679,TLT_logdollar_triple_barrier_ls_overlay_t0.50,B,TLT,tickimb,kmeans2stage,0.5,ls_overlay,0.0,0.0,0,False,False,0.0,0.0,0.0,,,,,False,False,completed,crash
2026-06-01T20:36:26,TLT,0.7679,TLT_logdollar_triple_barrier_ls_overlay_t0.50,A,TLT,tickimb,bgm,0.5,ls_overlay,-0.0247,37.4582,413,True,True,-0.2386,0.7816,0.5894,,,,,True,False,completed,completed
2026-06-01T20:36:26,TLT,0.7679,TLT_logdollar_triple_barrier_ls_overlay_t0.50,B,TLT,tickimb,kmeans2stage,0.5,ls_overlay,0.0,0.0,0,False,False,0.0,0.0,0.0,,,,,False,False,completed,completed
2026-06-01T20:43:21,TLT,0.7679,TLT_logdollar_triple_barrier_ls_overlay_t0.50,A,TLT,imbalance,regime_gmm,0.5,ls_overlay,0.0,0.0,0,False,False,0.0,0.0,0.0,,,,,False,False,completed,completed
2026-06-01T20:43:21,TLT,0.7679,TLT_logdollar_triple_barrier_ls_overlay_t0.50,B,TLT,imbalance,cusum_regime,0.5,ls_overlay,-0.2306,78.9138,2753,True,True,-0.3244,0.9839,0.9464,,,,,True,False,completed,completed
2026-06-01T20:52:27,TLT,0.7679,TLT_logdollar_triple_barrier_ls_overlay_t0.50,A,TLT,volumeimb,bgm,0.5,ls_overlay,0.0,0.0,0,False,False,0.9877,0.7664,0.3988,,,,,False,False,completed,crash
2026-06-01T20:52:27,TLT,0.7679,TLT_logdollar_triple_barrier_ls_overlay_t0.50,B,TLT,fracdiff,bgm,0.5,ls_overlay,-0.0129,13.7105,309,True,True,0.5782,0.6476,0.5026,,,,,True,False,completed,completed
2026-06-01T20:58:28,IWM,0.7788,IWM_logdollar_multi_horizon_cdf_overlay_t0.45,A,IWM,imbalance,bgm,0.45,cdf_overlay,0.7476,1.9216,309,True,True,0.8914,0.8015,0.5967,,,,,True,False,completed,completed
2026-06-01T20:58:28,IWM,0.7788,IWM_logdollar_multi_horizon_cdf_overlay_t0.45,B,IWM,imbalance,multi_horizon,0.45,cdf_overlay,0.5375,10.751,705,True,True,0.0769,0.974,0.6914,,,,,False,False,completed,completed
2026-06-01T21:03:49,IWM,0.7788,IWM_logdollar_multi_horizon_cdf_overlay_t0.45,A,IWM,imbalance,bgm,0.45,cdf_plain,0.7919,2.0021,141,True,True,0.9393,0.8015,0.5967,,,,,False,False,completed,completed
2026-06-01T21:03:49,IWM,0.7788,IWM_logdollar_multi_horizon_cdf_overlay_t0.45,B,IWM,imbalance,bgm,0.4,cdf_overlay,0.8831,3.7775,588,True,True,0.8125,0.8015,0.5967,,,,,True,True,completed,completed
2026-06-01T21:12:09,TLT,0.7679,TLT_logdollar_triple_barrier_ls_overlay_t0.50,A,TLT,fracdiff,triple_barrier,0.5,ls_overlay,-0.0498,8.6404,843,True,True,0.3912,0.7902,0.5264,,,,,True,False,completed,completed
2026-06-01T21:12:09,TLT,0.7679,TLT_logdollar_triple_barrier_ls_overlay_t0.50,B,TLT,volumeimb,triple_barrier,0.5,ls_overlay,-0.205,28.5754,501,True,True,1.081,0.6373,0.4918,,,,,False,False,completed,completed
2026-06-01T21:20:47,EEM,1.4032,EEM_logdollar_always_long_cdf_overlay_t0.45,A,EEM,imbalance,bgm,0.4,cdf_overlay,0.0,0.0,0,False,False,0.0,0.895,0.6374,,,,,True,False,completed,completed
2026-06-01T21:20:47,EEM,1.4032,EEM_logdollar_always_long_cdf_overlay_t0.45,B,EEM,imbalance,bgm,0.45,cdf_plain,0.0,0.0,0,False,False,0.0,0.895,0.6374,,,,,False,False,completed,completed
2026-06-01T21:30:00,TLT,0.7679,TLT_logdollar_triple_barrier_ls_overlay_t0.50,A,TLT,dc,dc_trend,0.5,ls_overlay,-0.0298,86.9075,527,True,True,-0.1242,0.9522,0.9531,,,,,True,False,completed,completed
2026-06-01T21:30:00,TLT,0.7679,TLT_logdollar_triple_barrier_ls_overlay_t0.50,B,TLT,logdollar,dc_trend,0.5,ls_overlay,-0.1088,46.7108,1850,True,True,-0.45,0.9571,0.9588,,,,,False,False,completed,completed
2026-06-01T21:33:06,TLT,0.7679,TLT_logdollar_triple_barrier_ls_overlay_t0.50,A,TLT,logdollar,triple_barrier,0.55,longshort,0.3906,33.9407,145,True,True,1.4566,0.6907,0.5388,,,,,True,False,completed,completed
2026-06-01T21:33:06,TLT,0.7679,TLT_logdollar_triple_barrier_ls_overlay_t0.50,B,TLT,logdollar,triple_barrier,0.55,cdf_overlay,0.0,0.0,0,False,False,0.0,0.6907,0.5388,,,,,False,False,completed,completed
2026-06-01T21:38:38,TLT,0.7679,TLT_logdollar_triple_barrier_ls_overlay_t0.50,A,TLT,logdollar,dc_reversal,0.5,ls_overlay,-0.1722,81.4962,1881,True,True,-0.1362,0.9571,0.9587,,,,,False,False,completed,completed
2026-06-01T21:38:38,TLT,0.7679,TLT_logdollar_triple_barrier_ls_overlay_t0.50,B,TLT,logdollar,triple_barrier,0.5,ls_cdf,0.6489,5.4495,342,True,True,1.4444,0.6907,0.5388,,,,,True,False,completed,completed
2026-06-01T21:45:45,TLT,0.7679,TLT_logdollar_triple_barrier_ls_overlay_t0.50,A,TLT,logdollar,triple_barrier+bgm,0.5,ls_overlay,0.0,0.0,0,False,False,0.0,0.0,0.0,,,,,True,False,Runtime Error,?
2026-06-01T21:45:45,TLT,0.7679,TLT_logdollar_triple_barrier_ls_overlay_t0.50,B,TLT,logdollar,triple_barrier+multi_horizon,0.5,ls_overlay,0.0,0.0,0,False,False,0.0,0.0,0.0,,,,,False,False,Runtime Error,?
2026-06-01T21:54:08,TLT,0.7679,TLT_logdollar_triple_barrier_ls_overlay_t0.50,A,TLT,logdollar,triple_barrier+bgm,0.5,ls_overlay,0.2311,12.4213,663,True,True,0.0,0.7203,0.558,,,,,True,False,completed,completed
2026-06-01T21:54:08,TLT,0.7679,TLT_logdollar_triple_barrier_ls_overlay_t0.50,B,TLT,logdollar,triple_barrier+multi_horizon,0.5,ls_overlay,0.1756,15.6074,779,True,True,0.0,0.7433,0.5025,,,,,False,False,completed,completed
2026-06-01T22:00:34,TLT,0.7679,TLT_logdollar_triple_barrier_ls_overlay_t0.50,A,TLT,logdollar,triple_barrier,0.5,ls_overlay,0.4081,7.5214,642,True,True,1.4673,0.6978,0.5292,,,,,False,False,completed,completed
2026-06-01T22:00:34,TLT,0.7679,TLT_logdollar_triple_barrier_ls_overlay_t0.50,B,TLT,range,triple_barrier,0.5,ls_overlay,1.5221,3.8386,333,True,True,0.2318,0.578,0.513,,,,,True,True,completed,completed
2026-06-01T22:04:57,TLT,1.5221,TLT_range_triple_barrier_ls_overlay_t0.50,A,TLT,range,always_long,0.5,ls_overlay,-0.1381,56.6173,1049,True,True,-0.1126,0.5,0.5,,,,,False,False,completed,completed
2026-06-01T22:04:57,TLT,1.5221,TLT_range_triple_barrier_ls_overlay_t0.50,B,TLT,range,bgm,0.5,ls_overlay,0.0651,13.7314,598,True,True,0.1902,0.692,0.4955,,,,,True,False,completed,completed
2026-06-01T22:08:19,IWM,0.8831,IWM_imbalance_bgm_cdf_overlay_t0.40,A,IWM,imbalance,bgm,0.4,cdf_overlay,0.8325,4.452,1037,True,True,0.12,0.8905,0.6456,,,,,False,False,completed,completed
2026-06-01T22:08:19,IWM,0.8831,IWM_imbalance_bgm_cdf_overlay_t0.40,B,IWM,imbalance,triple_barrier,0.4,cdf_overlay,0.9316,3.4175,908,True,True,0.2354,0.6661,0.5491,,,,,True,True,completed,completed
2026-06-01T22:12:40,IWM,0.9316,IWM_imbalance_triple_barrier_cdf_overlay_t0.40,A,IWM,range,triple_barrier,0.4,cdf_overlay,0.3826,7.385,1131,True,True,0.0118,0.5782,0.5075,,,,,False,False,completed,completed
2026-06-01T22:12:40,IWM,0.9316,IWM_imbalance_triple_barrier_cdf_overlay_t0.40,B,IWM,imbalance,triple_barrier,0.3,cdf_overlay,0.7313,8.3738,1179,True,True,0.1793,0.6661,0.5491,,,,,True,False,completed,completed
2026-06-01T22:18:32,IWM,0.9316,IWM_imbalance_triple_barrier_cdf_overlay_t0.40,A,IWM,imbalance,triple_barrier+bgm,0.4,cdf_overlay,1.0126,3.5283,1339,True,True,0.0,0.7783,0.5974,,,,,True,True,completed,completed
2026-06-01T22:18:32,IWM,0.9316,IWM_imbalance_triple_barrier_cdf_overlay_t0.40,B,IWM,imbalance,multi_horizon,0.4,cdf_overlay,0.7977,9.5368,939,True,True,0.0483,0.9872,0.6956,,,,,False,False,completed,completed
2026-06-01T22:23:52,IWM,1.0126,IWM_imbalance_triple_barrier+bgm_cdf_overlay_t0.40,A,IWM,imbalance,triple_barrier+bgm,0.35,cdf_overlay,0.8625,5.7768,1490,True,True,0.0,0.7783,0.5974,,,,,False,False,completed,completed
2026-06-01T22:23:52,IWM,1.0126,IWM_imbalance_triple_barrier+bgm_cdf_overlay_t0.40,B,IWM,imbalance,triple_barrier+bgm+multi_horizon,0.4,cdf_overlay,0.865,4.9487,1531,True,True,0.0,0.8479,0.6301,,,,,True,False,completed,completed
2026-06-01T22:35:40,IWM,1.0126,IWM_imbalance_triple_barrier+bgm_cdf_overlay_t0.40,A,IWM,imbalance,triple_barrier+bgm,0.45,cdf_overlay,1.1403,1.9376,1056,True,True,0.0,0.7783,0.5974,,,,,True,True,completed,completed
2026-06-01T22:35:40,IWM,1.0126,IWM_imbalance_triple_barrier+bgm_cdf_overlay_t0.40,B,IWM,imbalance,triple_barrier+bgm,0.4,cdf_plain,0.9442,3.5871,1013,True,True,0.0,0.7783,0.5974,,,,,False,False,completed,completed
2026-06-01T22:50:37,IWM,1.1403,IWM_imbalance_triple_barrier+bgm_cdf_overlay_t0.45,A,IWM,imbalance,triple_barrier+bgm,0.45,ls_overlay,0.8989,4.3407,1189,True,True,0.0,0.7783,0.5974,,,,,True,False,completed,completed
2026-06-01T22:50:37,IWM,1.1403,IWM_imbalance_triple_barrier+bgm_cdf_overlay_t0.45,B,IWM,imbalance,triple_barrier+bgm,0.5,cdf_overlay,0.7996,0.9131,676,True,True,0.0,0.7783,0.5974,,,,,False,False,completed,completed
2026-06-01T22:55:09,IWM,1.1403,IWM_imbalance_triple_barrier+bgm_cdf_overlay_t0.45,A,IWM,imbalance,triple_barrier+regime_gmm,0.45,cdf_overlay,0.0,0.0,0,False,False,0.0,0.0,0.0,,,,,True,False,completed,completed
2026-06-01T22:55:09,IWM,1.1403,IWM_imbalance_triple_barrier+bgm_cdf_overlay_t0.45,B,IWM,imbalance,triple_barrier+cusum_regime,0.45,cdf_overlay,0.0,0.0,0,False,False,0.0,0.8286,0.7437,,,,,False,False,completed,completed
2026-06-01T23:00:49,IWM,1.1403,IWM_imbalance_triple_barrier+bgm_cdf_overlay_t0.45,A,IWM,logdollar,triple_barrier+bgm,0.45,cdf_overlay,0.7317,7.4572,731,True,True,0.0,0.6785,0.5835,,,,,True,False,completed,completed
2026-06-01T23:00:49,IWM,1.1403,IWM_imbalance_triple_barrier+bgm_cdf_overlay_t0.45,B,IWM,dollar,triple_barrier+bgm,0.45,cdf_overlay,0.3496,6.6338,1549,True,True,0.0,0.7827,0.5975,,,,,False,False,completed,completed
2026-06-01T23:04:40,IWM,1.1403,IWM_imbalance_triple_barrier+bgm_cdf_overlay_t0.45,A,IWM,imbalance,multi_horizon+bgm,0.45,cdf_overlay,0.7534,4.4384,1062,True,True,0.0,0.9389,0.6706,,,,,True,False,completed,completed
2026-06-01T23:04:40,IWM,1.1403,IWM_imbalance_triple_barrier+bgm_cdf_overlay_t0.45,B,IWM,imbalance,tertile+bgm,0.45,cdf_overlay,0.441,1.8929,525,True,True,0.0,0.8755,0.6134,,,,,False,False,completed,completed
2026-06-01T23:08:07,QQQ,1.2953,QQQ_logdollar_always_long_cdf_overlay_t0.15,A,QQQ,logdollar,multi_horizon,0.45,cdf_overlay,0.0,0.0,0,False,False,0.0,0.0,0.0,,,,,False,False,completed,completed
2026-06-01T23:08:07,QQQ,1.2953,QQQ_logdollar_always_long_cdf_overlay_t0.15,B,QQQ,imbalance,triple_barrier+bgm,0.45,cdf_overlay,0.2941,4.4985,2067,True,True,0.0,0.7436,0.4966,,,,,True,False,completed,completed
2026-06-01T23:11:30,QQQ,1.2953,QQQ_logdollar_always_long_cdf_overlay_t0.15,A,QQQ,logdollar,multi_horizon,0.15,cdf_overlay,0.0,0.0,0,False,False,0.0,0.0,0.0,,,,,True,False,completed,completed
2026-06-01T23:11:30,QQQ,1.2953,QQQ_logdollar_always_long_cdf_overlay_t0.15,B,QQQ,logdollar,multi_horizon,0.3,cdf_overlay,0.0,0.0,0,False,False,0.0,0.0,0.0,,,,,False,False,completed,completed
2026-06-01T23:14:37,EEM,1.4032,EEM_logdollar_always_long_cdf_overlay_t0.45,A,EEM,imbalance,triple_barrier+bgm,0.45,ls_overlay,-0.3252,53.1255,169,True,True,0.0,0.7985,0.6532,,,,,True,False,completed,completed
2026-06-01T23:14:37,EEM,1.4032,EEM_logdollar_always_long_cdf_overlay_t0.45,B,EEM,imbalance,triple_barrier+bgm,0.45,cdf_overlay,0.0,0.0,0,False,False,0.0,0.7985,0.6532,,,,,False,False,completed,completed
2026-06-01T23:19:42,EEM,1.4032,EEM_logdollar_always_long_cdf_overlay_t0.45,A,EEM,logdollar,multi_horizon,0.45,cdf_overlay,0.0,0.0,0,False,False,0.0,0.7625,0.4407,,,,,False,False,completed,completed
2026-06-01T23:19:42,EEM,1.4032,EEM_logdollar_always_long_cdf_overlay_t0.45,B,EEM,logdollar,multi_horizon,0.3,cdf_overlay,0.7455,1.7328,124,True,True,-0.3406,0.7625,0.4407,,,,,True,False,completed,completed
2026-06-01T23:25:13,XLE,2.2619,XLE_logdollar_multi_horizon_cdf_overlay_t0.45,A,XLE,logdollar,multi_horizon,0.45,cdf_overlay,0.5741,41.7771,704,True,True,0.9307,0.9523,0.6493,,,,,False,False,completed,completed
2026-06-01T23:25:13,XLE,2.2619,XLE_logdollar_multi_horizon_cdf_overlay_t0.45,B,XLE,logdollar,multi_horizon,0.4,cdf_overlay,0.64,37.6601,748,True,True,0.9493,0.9523,0.6493,,,,,True,False,completed,completed
2026-06-01T23:56:45,HYG,1.888,HYG_logdollar_always_long_cdf_overlay_t0.55,A,HYG,logdollar,always_long,0.55,cdf_overlay,2.2122,3.3684,752,True,True,-0.1857,0.5,0.5,,,,,True,True,completed,completed
2026-06-01T23:56:45,HYG,1.888,HYG_logdollar_always_long_cdf_overlay_t0.55,B,HYG,logdollar,always_long,0.45,cdf_overlay,2.2122,3.3684,752,True,True,-0.1857,0.5,0.5,,,,,False,False,completed,completed
2026-06-02T00:00:11,GLD,1.8021,GLD_logdollar_always_long_cdf_overlay_t0.45,A,GLD,logdollar,always_long,0.45,cdf_overlay,1.9891,19.7284,657,True,True,0.0597,0.5,0.5,,,,,True,True,completed,completed
2026-06-02T00:00:11,GLD,1.8021,GLD_logdollar_always_long_cdf_overlay_t0.45,B,GLD,logdollar,multi_horizon,0.3,cdf_overlay,0.7909,6.5884,373,True,True,0.1323,0.862,0.5719,,,,,False,False,completed,completed
2026-06-02T00:03:13,EEM,1.4032,EEM_logdollar_always_long_cdf_overlay_t0.45,A,EEM,logdollar,always_long,0.45,cdf_overlay,1.3183,25.4326,519,True,True,-0.2944,0.5,0.5,,,,,False,False,completed,completed
2026-06-02T00:03:13,EEM,1.4032,EEM_logdollar_always_long_cdf_overlay_t0.45,B,EEM,logdollar,triple_barrier,0.3,cdf_overlay,2.1526,3.7851,308,True,True,-0.0634,0.6699,0.5589,,,,,True,True,completed,completed
2026-06-02T00:06:49,QQQ,1.2953,QQQ_logdollar_always_long_cdf_overlay_t0.15,A,QQQ,logdollar,always_long,0.15,cdf_overlay,1.2431,21.8715,820,True,True,0.0714,0.5,0.5,,,,,True,False,completed,completed
2026-06-02T00:06:49,QQQ,1.2953,QQQ_logdollar_always_long_cdf_overlay_t0.15,B,QQQ,logdollar,triple_barrier,0.3,cdf_overlay,1.033,4.351,607,True,True,1.335,0.7308,0.5758,,,,,False,False,completed,completed
2026-06-02T00:10:43,XLE,0.64,XLE_logdollar_multi_horizon_cdf_overlay_t0.40,A,XLE,logdollar,triple_barrier,0.3,cdf_overlay,0.5535,14.4943,660,True,True,1.2562,0.6353,0.5745,,,,,True,False,completed,completed
2026-06-02T00:10:43,XLE,0.64,XLE_logdollar_multi_horizon_cdf_overlay_t0.40,B,XLE,imbalance,triple_barrier+bgm,0.45,cdf_overlay,0.2332,9.857,364,True,True,0.0,0.6619,0.5178,,,,,False,False,completed,completed
2026-06-02T00:13:30,XLE,0.64,XLE_logdollar_multi_horizon_cdf_overlay_t0.40,A,XLE,logdollar,always_long,0.45,cdf_overlay,0.7493,38.7437,732,True,True,1.2238,0.5,0.5,,,,,True,True,completed,completed
2026-06-02T00:13:30,XLE,0.64,XLE_logdollar_multi_horizon_cdf_overlay_t0.40,B,XLE,logdollar,triple_barrier,0.4,cdf_overlay,0.3883,9.5437,549,True,True,1.3428,0.6353,0.5745,,,,,False,False,completed,completed
2026-06-02T00:16:33,XLE,0.7493,XLE_logdollar_always_long_cdf_overlay_t0.45,A,XLE,logdollar,triple_barrier,0.3,ls_overlay,-0.0567,7.7866,337,True,True,1.2201,0.6353,0.5745,,,,,False,False,completed,completed
2026-06-02T00:16:33,XLE,0.7493,XLE_logdollar_always_long_cdf_overlay_t0.45,B,XLE,logdollar,multi_horizon,0.4,ls_overlay,0.5448,44.4794,656,True,True,1.0691,0.9523,0.6493,,,,,True,False,completed,completed
2026-06-02T00:21:46,XLE,0.7493,XLE_logdollar_always_long_cdf_overlay_t0.45,A,XLE,vol,always_long,0.45,cdf_overlay,0.6124,47.4352,233,True,True,2.3338,0.5,0.5,,,,,True,False,completed,completed
2026-06-02T00:21:46,XLE,0.7493,XLE_logdollar_always_long_cdf_overlay_t0.45,B,XLE,range,triple_barrier,0.4,cdf_overlay,0.5342,8.4643,1632,True,True,0.0962,0.5514,0.5144,,,,,False,False,completed,completed
2026-06-02T00:25:15,GLD,1.9891,GLD_logdollar_always_long_cdf_overlay_t0.45,A,GLD,logdollar,triple_barrier,0.3,cdf_overlay,1.6505,8.6857,528,True,True,0.0709,0.6527,0.5067,,,,,True,False,completed,completed
2026-06-02T00:25:15,GLD,1.9891,GLD_logdollar_always_long_cdf_overlay_t0.45,B,GLD,logdollar,triple_barrier,0.4,cdf_overlay,1.5352,5.8361,434,True,True,0.0772,0.6527,0.5067,,,,,False,False,completed,completed
2026-06-02T00:28:50,EEM,2.1526,EEM_logdollar_triple_barrier_cdf_overlay_t0.30,A,EEM,logdollar,triple_barrier+bgm,0.3,cdf_overlay,1.3922,3.213,371,True,True,0.0,0.7393,0.6062,,,,,False,False,completed,completed
2026-06-02T00:28:50,EEM,2.1526,EEM_logdollar_triple_barrier_cdf_overlay_t0.30,B,EEM,logdollar,triple_barrier,0.25,cdf_overlay,1.9756,5.0849,366,True,True,-0.1104,0.6699,0.5589,,,,,True,False,completed,completed
2026-06-02T00:31:56,TLT,1.5221,TLT_range_triple_barrier_ls_overlay_t0.50,A,TLT,dc,triple_barrier,0.3,ls_overlay,0.4254,9.5954,200,True,True,1.6968,0.7231,0.594,,,,,True,False,completed,completed
2026-06-02T00:31:56,TLT,1.5221,TLT_range_triple_barrier_ls_overlay_t0.50,B,TLT,logdollar,triple_barrier,0.3,ls_overlay,-0.0187,13.0075,639,True,True,1.6618,0.7283,0.5232,,,,,False,False,completed,completed
2026-06-02T00:38:14,EEM,2.1526,EEM_logdollar_triple_barrier_cdf_overlay_t0.30,A,EEM,fracdiff,triple_barrier,0.3,cdf_overlay,1.6177,4.9012,473,True,True,0.1514,0.7735,0.5349,,,,,True,False,completed,completed
2026-06-02T00:38:14,EEM,2.1526,EEM_logdollar_triple_barrier_cdf_overlay_t0.30,B,EEM,entropy,triple_barrier,0.3,cdf_overlay,1.5262,6.7817,431,True,True,0.0897,0.5813,0.4842,,,,,False,False,completed,completed
2026-06-02T00:41:35,XLE,0.7493,XLE_logdollar_always_long_cdf_overlay_t0.45,A,XLE,logdollar,carry,0.45,cdf_overlay,0.0,0.0,0,False,False,0.0,0.0,0.0,,,,,False,False,Runtime Error,?
2026-06-02T00:41:35,XLE,0.7493,XLE_logdollar_always_long_cdf_overlay_t0.45,B,XLE,logdollar,tertile,0.3,cdf_overlay,0.9052,14.8217,376,True,True,1.4657,0.7724,0.5376,,,,,True,True,completed,completed
2026-06-02T00:44:38,XLE,0.9052,XLE_logdollar_tertile_cdf_overlay_t0.30,A,XLE,logdollar,tertile,0.4,cdf_overlay,0.885,10.6124,309,True,True,1.3378,0.7724,0.5376,,,,,True,False,completed,completed
2026-06-02T00:44:38,XLE,0.9052,XLE_logdollar_tertile_cdf_overlay_t0.30,B,XLE,logdollar,tertile,0.3,ls_overlay,0.1499,25.0348,487,True,True,1.2286,0.7724,0.5376,,,,,False,False,completed,completed
2026-06-02T00:47:27,IWM,1.1403,IWM_imbalance_triple_barrier+bgm_cdf_overlay_t0.45,A,IWM,imbalance,tertile,0.45,cdf_overlay,0.506,0.8139,159,True,True,0.145,0.8604,0.5812,,,,,False,False,completed,completed
2026-06-02T00:47:27,IWM,1.1403,IWM_imbalance_triple_barrier+bgm_cdf_overlay_t0.45,B,IWM,imbalance,tertile,0.3,cdf_overlay,0.8459,4.3365,731,True,True,0.1757,0.8604,0.5812,,,,,True,False,completed,completed
2026-06-02T00:50:50,XLE,0.9052,XLE_logdollar_tertile_cdf_overlay_t0.30,A,XLE,logdollar,carry,0.45,cdf_overlay,0.0,0.0,0,False,False,0.0,0.0,0.0,,,,,True,False,Runtime Error,?
2026-06-02T00:50:50,XLE,0.9052,XLE_logdollar_tertile_cdf_overlay_t0.30,B,XLE,logdollar,carry,0.3,cdf_overlay,0.0,0.0,0,False,False,0.0,0.0,0.0,,,,,False,False,Runtime Error,?
2026-06-02T00:54:21,EEM,2.1526,EEM_logdollar_triple_barrier_cdf_overlay_t0.30,A,EEM,logdollar,tertile,0.3,cdf_overlay,1.9052,1.0918,56,False,False,0.3962,0.7928,0.7093,,,,,True,False,completed,completed
2026-06-02T00:54:21,EEM,2.1526,EEM_logdollar_triple_barrier_cdf_overlay_t0.30,B,EEM,logdollar,tertile,0.25,cdf_overlay,1.8848,1.1418,57,False,False,0.3878,0.7928,0.7093,,,,,False,False,completed,completed
2026-06-02T00:58:45,TLT,1.5221,TLT_range_triple_barrier_ls_overlay_t0.50,A,TLT,range,tertile,0.3,ls_overlay,0.2152,11.9596,485,True,True,0.3143,0.5561,0.532,,,,,False,False,completed,completed
2026-06-02T00:58:45,TLT,1.5221,TLT_range_triple_barrier_ls_overlay_t0.50,B,TLT,range,tertile,0.3,cdf_overlay,0.2432,4.5744,412,True,True,-0.103,0.5561,0.532,,,,,True,False,completed,completed
2026-06-02T11:37:02,XLE,0.9052,XLE_logdollar_tertile_cdf_overlay_t0.30,A,XLE,logdollar,tertile+bgm,0.3,cdf_overlay,0.8574,13.5258,455,True,True,0.0,0.7028,0.5199,,,,,True,False,completed,completed
2026-06-02T11:37:02,XLE,0.9052,XLE_logdollar_tertile_cdf_overlay_t0.30,B,XLE,imbalance,tertile,0.3,cdf_overlay,0.8229,15.9845,744,True,True,0.8359,0.8022,0.4749,,,,,False,False,completed,completed
2026-06-02T11:44:10,EEM,2.1526,EEM_logdollar_triple_barrier_cdf_overlay_t0.30,A,EEM,logdollar,triple_barrier,0.3,ls_overlay,0.1025,10.9745,373,True,True,1.5471,0.6699,0.5589,,,,,False,False,completed,completed
2026-06-02T11:44:10,EEM,2.1526,EEM_logdollar_triple_barrier_cdf_overlay_t0.30,B,EEM,logdollar,triple_barrier,0.35,cdf_overlay,2.4257,2.5307,275,True,True,-0.0246,0.6699,0.5589,,,,,True,True,completed,completed
2026-06-02T11:51:06,IWM,1.1403,IWM_imbalance_triple_barrier+bgm_cdf_overlay_t0.45,A,IWM,logdollar,triple_barrier,0.4,cdf_overlay,0.1875,11.4798,577,True,True,0.142,0.7297,0.5241,,,,,True,False,completed,completed
2026-06-02T11:51:06,IWM,1.1403,IWM_imbalance_triple_barrier+bgm_cdf_overlay_t0.45,B,IWM,logdollar,triple_barrier,0.4,ls_overlay,-0.2651,14.9391,459,True,True,0.2029,0.7297,0.5241,,,,,False,False,completed,completed
2026-06-02T11:58:45,QQQ,1.2431,QQQ_logdollar_always_long_cdf_overlay_t0.15,A,QQQ,logdollar,triple_barrier,0.4,cdf_overlay,0.6723,2.4495,307,True,True,2.038,0.7308,0.5758,,,,,True,False,completed,completed
2026-06-02T11:58:45,QQQ,1.2431,QQQ_logdollar_always_long_cdf_overlay_t0.15,B,QQQ,logdollar,regime_gmm,0.4,cdf_overlay,0.0,0.0,0,False,False,0.0,0.0,0.0,,,,,False,False,completed,completed
2026-06-02T12:04:53,TLT,1.5221,TLT_range_triple_barrier_ls_overlay_t0.50,A,TLT,range,triple_barrier,0.55,ls_overlay,1.5174,3.8424,333,True,True,0.2347,0.578,0.513,,,,,True,False,completed,completed
2026-06-02T12:04:53,TLT,1.5221,TLT_range_triple_barrier_ls_overlay_t0.50,B,TLT,range,triple_barrier,0.6,ls_overlay,1.5174,3.8424,333,True,True,0.2347,0.578,0.513,,,,,False,False,completed,completed
2026-06-02T12:19:32,EEM,2.4257,EEM_logdollar_triple_barrier_cdf_overlay_t0.35,A,EEM,logdollar,triple_barrier,0.35,cdf_overlay,1.7705,3.8229,657,True,True,0.1734,0.6091,0.5663,,,,,True,False,completed,completed
2026-06-02T12:19:32,EEM,2.4257,EEM_logdollar_triple_barrier_cdf_overlay_t0.35,B,EEM,logdollar,triple_barrier,0.3,cdf_overlay,1.5591,5.686,721,True,True,0.0106,0.6091,0.5663,,,,,False,False,completed,completed
2026-06-02T12:23:36,TLT,1.5221,TLT_range_triple_barrier_ls_overlay_t0.50,A,TLT,range,triple_barrier,0.5,ls_overlay,-0.1376,6.7974,895,True,True,-0.0284,0.5637,0.5172,,,,,True,False,completed,completed
2026-06-02T12:23:36,TLT,1.5221,TLT_range_triple_barrier_ls_overlay_t0.50,B,TLT,range,triple_barrier,0.55,ls_overlay,-0.1376,6.7974,895,True,True,-0.0284,0.5637,0.5172,,,,,False,False,completed,completed
2026-06-02T12:52:12,EEM,2.4257,EEM_logdollar_triple_barrier_cdf_overlay_t0.35,A,EEM,logdollar,triple_barrier_meta,0.35,cdf_overlay,1.9441,3.4356,514,True,True,-0.1291,0.6699,0.5589,,,,,True,False,completed,completed
2026-06-02T12:52:12,EEM,2.4257,EEM_logdollar_triple_barrier_cdf_overlay_t0.35,B,EEM,logdollar,triple_barrier_meta,0.3,cdf_overlay,1.7418,4.9332,533,True,True,-0.1715,0.6699,0.5589,,,,,False,False,completed,completed
2026-06-02T12:56:19,EEM,2.4257,EEM_logdollar_triple_barrier_cdf_overlay_t0.35,A,EEM,logdollar,triple_barrier_meta,0.35,cdf_overlay,3.7193,0.7994,204,True,True,-0.2693,0.6699,0.5589,,,,,False,False,completed,completed
2026-06-02T12:56:19,EEM,2.4257,EEM_logdollar_triple_barrier_cdf_overlay_t0.35,B,EEM,logdollar,triple_barrier_meta,0.3,cdf_overlay,4.0265,1.2011,215,True,True,-0.3177,0.6699,0.5589,,,,,True,True,completed,completed
2026-06-02T13:00:01,TLT,1.5221,TLT_range_triple_barrier_ls_overlay_t0.50,A,TLT,range,triple_barrier_meta,0.5,ls_overlay,0.5883,3.0612,449,True,True,-0.0779,0.578,0.513,,,,,True,False,completed,completed
2026-06-02T13:00:01,TLT,1.5221,TLT_range_triple_barrier_ls_overlay_t0.50,B,TLT,range,triple_barrier_meta,0.45,ls_overlay,0.5883,3.0612,449,True,True,-0.0779,0.578,0.513,,,,,False,False,completed,completed
2026-06-02T13:04:54,IWM,1.1403,IWM_imbalance_triple_barrier+bgm_cdf_overlay_t0.45,A,IWM,imbalance,triple_barrier_meta,0.45,cdf_overlay,0.205,5.7087,619,True,True,-0.0123,0.6606,0.5142,,,,,False,False,completed,completed
2026-06-02T13:04:54,IWM,1.1403,IWM_imbalance_triple_barrier+bgm_cdf_overlay_t0.45,B,IWM,imbalance,triple_barrier_meta,0.4,cdf_overlay,0.2321,9.3747,802,True,True,-0.0365,0.6606,0.5142,,,,,True,False,completed,completed
2026-06-02T13:23:42,EEM,4.0265,EEM_logdollar_triple_barrier_meta_cdf_overlay_t0.30,A,EEM,logdollar,triple_barrier_meta,0.25,cdf_overlay,3.7836,1.7044,298,True,True,-0.3752,0.6699,0.5589,,,,,True,False,completed,completed
2026-06-02T13:23:42,EEM,4.0265,EEM_logdollar_triple_barrier_meta_cdf_overlay_t0.30,B,EEM,logdollar,triple_barrier_meta,0.2,cdf_overlay,3.5722,2.362,316,True,True,-0.4276,0.6699,0.5589,,,,,False,False,completed,completed
2026-06-02T13:27:40,HYG,2.2122,HYG_logdollar_always_long_cdf_overlay_t0.55,A,HYG,logdollar,triple_barrier_meta,0.3,cdf_overlay,0.664,1.5631,743,True,True,-0.1723,0.6709,0.5494,,,,,True,False,completed,completed
2026-06-02T13:27:40,HYG,2.2122,HYG_logdollar_always_long_cdf_overlay_t0.55,B,HYG,logdollar,triple_barrier_meta,0.4,cdf_overlay,0.3117,1.3629,679,True,True,-0.2175,0.6709,0.5494,,,,,False,False,completed,completed
2026-06-02T13:36:56,EEM,4.0265,EEM_logdollar_triple_barrier_meta_cdf_overlay_t0.30,A,EEM,logdollar,triple_barrier_tight_meta,0.3,cdf_overlay,1.2994,3.8089,415,True,True,-0.1903,0.6833,0.5591,,,,,False,False,completed,completed
2026-06-02T13:36:56,EEM,4.0265,EEM_logdollar_triple_barrier_meta_cdf_overlay_t0.30,B,EEM,logdollar,triple_barrier_tight_meta,0.35,cdf_overlay,1.6359,2.8228,370,True,True,-0.119,0.6833,0.5591,,,,,True,False,completed,completed
2026-06-02T13:43:00,HYG,2.2122,HYG_logdollar_always_long_cdf_overlay_t0.55,A,HYG,logdollar,crash_ahead,0.4,crashveto,1.4977,4.346,21,False,False,-0.176,0.8947,0.7963,,,,,False,False,completed,completed
2026-06-02T13:43:00,HYG,2.2122,HYG_logdollar_always_long_cdf_overlay_t0.55,B,HYG,logdollar,crash_ahead,0.55,crashveto,1.6469,3.6496,1,False,False,0.0,0.8947,0.7963,,,,,True,False,completed,completed
2026-06-02T13:47:49,EEM,4.0265,EEM_logdollar_triple_barrier_meta_cdf_overlay_t0.30,A,EEM,vol,triple_barrier_meta,0.3,cdf_overlay,0.0653,8.7547,52,False,False,2.2534,0.6522,0.6294,,,,,False,False,completed,completed
2026-06-02T13:47:49,EEM,4.0265,EEM_logdollar_triple_barrier_meta_cdf_overlay_t0.30,B,EEM,range,triple_barrier_meta,0.3,cdf_overlay,0.657,7.3993,1241,True,True,-0.1516,0.6066,0.5407,,,,,True,False,completed,completed
2026-06-02T14:30:11,EFA,0.0,,A,EFA,logdollar,triple_barrier_meta,0.3,cdf_overlay,-0.0036,20.6381,435,True,True,0.4713,0.665,0.5637,,,,,False,False,completed,completed
2026-06-02T14:30:11,EFA,0.0,,B,EFA,logdollar,always_long,0.45,cdf_overlay,1.2617,17.1737,632,True,True,-0.0649,0.5,0.5,,,,,True,True,completed,completed
2026-06-02T14:35:31,DBC,0.0,,A,DBC,logdollar,always_long,0.45,cdf_overlay,0.858,36.1031,566,True,True,0.4677,0.5,0.5,,,,,True,True,completed,completed
2026-06-02T14:35:31,DBC,0.0,,B,DBC,logdollar,triple_barrier_meta,0.3,cdf_overlay,0.5265,10.5002,374,True,True,0.6087,0.6507,0.5126,,,,,False,False,completed,completed
2026-06-02T14:46:51,UUP,0.0,,A,UUP,logdollar,always_long,0.45,cdf_overlay,0.3432,24.235,532,True,True,0.4849,0.5,0.5,,,,,True,True,completed,completed
2026-06-02T14:46:51,UUP,0.0,,B,UUP,logdollar,triple_barrier_meta,0.3,cdf_overlay,0.0086,6.0105,500,True,True,-0.2014,0.6387,0.5085,,,,,False,False,completed,completed
2026-06-02T15:07:55,EEM,4.0265,EEM_logdollar_triple_barrier_meta_cdf_overlay_t0.30,A,EEM,logdollar,triple_barrier_ae,0.35,cdf_overlay,1.1136,5.2032,525,True,True,-0.247,0.568,0.5154,,,,,False,False,completed,completed
2026-06-02T15:07:55,EEM,4.0265,EEM_logdollar_triple_barrier_meta_cdf_overlay_t0.30,B,EEM,logdollar,triple_barrier,0.35,cdf_overlay,2.4413,2.5307,275,True,True,-0.0246,0.6699,0.5589,,,,,True,False,completed,completed
2026-06-02T15:39:03,GLD,1.9891,GLD_logdollar_always_long_cdf_overlay_t0.45,A,GLD,logdollar,trend_scan,0.45,cdf_overlay,2.1631,2.8969,558,True,True,0.437,0.7342,0.5432,,,,,True,True,completed,completed
2026-06-02T15:39:03,GLD,1.9891,GLD_logdollar_always_long_cdf_overlay_t0.45,B,GLD,logdollar,trend_scan,0.45,ls_overlay,1.7287,4.2794,627,True,True,0.7379,0.7342,0.5432,,,,,False,False,completed,completed
2026-06-02T15:41:52,HYG,2.2122,HYG_logdollar_always_long_cdf_overlay_t0.55,A,HYG,logdollar,trend_scan,0.45,cdf_overlay,0.0529,1.7032,203,True,True,0.6136,0.8242,0.5773,,,,,True,False,completed,completed
2026-06-02T15:41:52,HYG,2.2122,HYG_logdollar_always_long_cdf_overlay_t0.55,B,HYG,logdollar,trend_scan,0.55,cdf_overlay,-0.118,1.7115,20,False,False,0.7718,0.8242,0.5773,,,,,False,False,completed,completed
2026-06-02T15:54:28,UUP,0.3432,UUP_logdollar_always_long_cdf_overlay_t0.45,A,UUP,range,triple_barrier,0.5,ls_overlay,0.0944,4.4673,348,True,True,0.7786,0.5772,0.5854,,,,,False,False,completed,completed
2026-06-02T15:54:28,UUP,0.3432,UUP_logdollar_always_long_cdf_overlay_t0.45,B,UUP,imbalance,bgm,0.4,cdf_overlay,1.0831,4.6244,129,True,True,7.8145,0.9123,0.9802,,,,,True,True,completed,completed
2026-06-02T15:57:27,DBC,0.858,DBC_logdollar_always_long_cdf_overlay_t0.45,A,DBC,logdollar,trend_scan,0.45,cdf_overlay,0.2786,9.9422,119,True,True,0.3573,0.712,0.5299,,,,,True,False,completed,completed
2026-06-02T15:57:27,DBC,0.858,DBC_logdollar_always_long_cdf_overlay_t0.45,B,DBC,imbalance,bgm,0.4,cdf_overlay,0.4892,32.5568,61,False,False,4.6299,0.94,0.6748,,,,,False,False,completed,completed
2026-06-02T16:01:02,DBC,0.858,DBC_logdollar_always_long_cdf_overlay_t0.45,A,DBC,logdollar,tertile,0.45,cdf_overlay,0.5124,13.9577,326,True,True,0.214,0.7229,0.568,,,,,True,False,completed,completed
2026-06-02T16:01:02,DBC,0.858,DBC_logdollar_always_long_cdf_overlay_t0.45,B,DBC,dc,triple_barrier,0.45,ls_overlay,0.3935,10.5448,183,True,True,2.9766,0.8022,0.5855,,,,,False,False,completed,completed
2026-06-02T16:03:55,XLE,0.9052,XLE_logdollar_tertile_cdf_overlay_t0.30,A,XLE,logdollar,trend_scan,0.45,cdf_overlay,0.0157,24.3006,369,True,True,0.9162,0.5911,0.5032,,,,,True,False,completed,completed
2026-06-02T16:03:55,XLE,0.9052,XLE_logdollar_tertile_cdf_overlay_t0.30,B,XLE,logdollar,trend_scan,0.45,ls_overlay,-0.3829,133.931,564,True,True,0.7786,0.5911,0.5032,,,,,False,False,completed,completed
2026-06-02T16:11:54,DBC,0.858,DBC_logdollar_always_long_cdf_overlay_t0.45,A,DBC,zcusum,tertile,0.45,cdf_overlay,0.34,12.1799,957,True,True,0.0976,0.8535,0.5892,,,,,True,False,completed,completed
2026-06-02T16:11:54,DBC,0.858,DBC_logdollar_always_long_cdf_overlay_t0.45,B,DBC,zcusum,triple_barrier,0.45,cdf_overlay,0.1331,19.532,861,True,True,0.4606,0.6237,0.5382,,,,,False,False,completed,completed
2026-06-02T16:16:18,XLE,0.9052,XLE_logdollar_tertile_cdf_overlay_t0.30,A,XLE,zcusum,tertile,0.3,cdf_overlay,0.1827,28.0442,2824,True,True,0.1411,0.6084,0.5266,,,,,False,False,completed,completed
2026-06-02T16:16:18,XLE,0.9052,XLE_logdollar_tertile_cdf_overlay_t0.30,B,XLE,zcusum,triple_barrier,0.45,cdf_overlay,0.3645,8.0283,2395,True,True,0.1681,0.5677,0.5209,,,,,True,False,completed,completed
2026-06-02T16:30:38,TIP,0.0,,A,TIP,logdollar,always_long,0.45,cdf_overlay,1.1463,6.8033,772,True,True,-0.2498,0.5,0.5,,,,,True,True,completed,completed
2026-06-02T16:30:38,TIP,0.0,,B,TIP,logdollar,triple_barrier,0.3,cdf_overlay,0.8917,1.9886,796,True,True,-0.1933,0.6972,0.556,,,,,False,False,completed,completed
2026-06-02T16:56:49,IWM,1.1403,IWM_imbalance_triple_barrier+bgm_cdf_overlay_t0.45,A,IWM,imbalance,triple_barrier_meta+bgm,0.45,cdf_overlay,0.3126,3.2792,733,True,True,0.0,0.751,0.5807,,,,,True,False,completed,completed
2026-06-02T16:56:49,IWM,1.1403,IWM_imbalance_triple_barrier+bgm_cdf_overlay_t0.45,B,IWM,volumeimb,triple_barrier+bgm,0.45,cdf_overlay,0.0,0.0,0,False,False,0.0,0.0,0.0,,,,,False,False,completed,completed
2026-06-02T17:00:27,IWM,1.1403,IWM_imbalance_triple_barrier+bgm_cdf_overlay_t0.45,A,IWM,imbalance,crash_ahead,0.5,crashveto,0.5575,40.4438,1,False,False,0.0,0.8908,0.5123,,,,,True,False,completed,completed
2026-06-02T17:00:27,IWM,1.1403,IWM_imbalance_triple_barrier+bgm_cdf_overlay_t0.45,B,IWM,imbalance,crash_ahead,0.4,crashveto,0.5575,40.4438,1,False,False,0.0,0.8908,0.5123,,,,,False,False,completed,completed
2026-06-02T17:06:38,TLT,1.5221,TLT_range_triple_barrier_ls_overlay_t0.50,A,TLT,range,triple_barrier,0.5,ls_overlay,-0.0014,5.9393,163,True,True,0.245,0.5299,0.4896,,,,,True,False,completed,completed
2026-06-02T17:06:38,TLT,1.5221,TLT_range_triple_barrier_ls_overlay_t0.50,B,TLT,range,triple_barrier,0.55,ls_overlay,-0.0014,5.9393,163,True,True,0.245,0.5299,0.4896,,,,,False,False,completed,completed
2026-06-02T17:17:54,TLT,1.5221,TLT_range_triple_barrier_ls_overlay_t0.50,A,TLT,range,triple_barrier,0.5,ls_overlay,-0.0014,5.9393,163,True,True,0.245,0.5299,0.4896,,,,,True,False,completed,completed
2026-06-02T17:17:54,TLT,1.5221,TLT_range_triple_barrier_ls_overlay_t0.50,B,TLT,range,triple_barrier,0.45,ls_overlay,-0.0014,5.9393,163,True,True,0.245,0.5299,0.4896,,,,,False,False,completed,completed
2026-06-02T18:25:22,IWM,0.5496,IWM_logdollar_always_long_always_long_t0.50,A,IWM,logdollar,trend_scan,0.45,cdf_overlay,0.3,7.9829,373,True,True,0.0915,0.7503,0.533,,,,,True,False,completed,completed
2026-06-02T18:25:22,IWM,0.5496,IWM_logdollar_always_long_always_long_t0.50,B,IWM,logdollar,regime_gmm,0.45,cdf_overlay,0.0,0.0,0,False,False,0.0,0.0,0.0,,,,,False,False,completed,completed
2026-06-02T18:29:55,TLT,-0.0567,TLT_range_triple_barrier_ls_overlay_t0.50,A,TLT,logdollar,trend_scan,0.45,ls_overlay,-0.0387,29.9251,548,True,True,0.635,0.7261,0.6122,,,,,True,True,completed,completed
2026-06-02T18:29:55,TLT,-0.0567,TLT_range_triple_barrier_ls_overlay_t0.50,B,TLT,imbalance,cusum_regime,0.45,ls_overlay,-0.2372,85.9912,1674,True,True,-0.3516,0.9969,0.9824,,,,,False,False,completed,completed
2026-06-02T18:40:35,DBC,0.9119,DBC_logdollar_always_long_cdf_overlay_t0.45,A,DBC,logdollar,trend_scan,0.45,cdf_overlay,0.2786,9.9422,119,True,True,0.3573,0.712,0.5299,,,,,True,False,completed,completed
2026-06-02T18:40:35,DBC,0.9119,DBC_logdollar_always_long_cdf_overlay_t0.45,B,DBC,logdollar,trend_scan,0.45,ls_overlay,-0.2772,39.4636,248,True,True,-0.2101,0.712,0.5299,,,,,False,False,completed,completed
2026-06-02T19:06:36,GLD,2.1631,GLD_logdollar_trend_scan_cdf_overlay_t0.45,A,GLD,range,trend_scan,0.45,cdf_overlay,0.8488,2.7224,536,True,True,0.0028,0.6007,0.4982,,,,,False,False,completed,completed
2026-06-02T19:06:36,GLD,2.1631,GLD_logdollar_trend_scan_cdf_overlay_t0.45,B,GLD,zcusum,trend_scan,0.45,cdf_overlay,1.146,3.3779,1465,True,True,-0.0103,0.6691,0.5109,,,,,True,False,completed,completed
2026-06-02T19:16:56,UUP,1.0831,UUP_imbalance_bgm_cdf_overlay_t0.40,A,UUP,imbalance,trend_scan,0.45,ls_overlay,0.2286,13.7733,122,True,True,5.6854,0.9007,0.8386,,,,,False,False,completed,completed
2026-06-02T19:16:56,UUP,1.0831,UUP_imbalance_bgm_cdf_overlay_t0.40,B,UUP,logdollar,trend_scan,0.45,ls_overlay,0.7316,3.0689,226,True,True,0.7178,0.6448,0.504,,,,,True,False,completed,completed
2026-06-02T19:25:56,TLT,-0.0387,TLT_logdollar_trend_scan_ls_overlay_t0.45,A,TLT,logdollar,dc_reversal,0.45,ls_overlay,-0.081,68.1414,1868,True,True,-0.1143,0.9587,0.9418,,,,,True,False,completed,completed
2026-06-02T19:25:56,TLT,-0.0387,TLT_logdollar_trend_scan_ls_overlay_t0.45,B,TLT,logdollar,dc_trend,0.45,ls_overlay,-0.1565,62.458,1889,True,True,-0.4606,0.9587,0.9428,,,,,False,False,completed,completed
2026-06-02T20:53:13,GLD,2.1631,GLD_logdollar_trend_scan_cdf_overlay_t0.45,A,GLD,logdollar,trend_scan+cusum_regime,0.45,cdf_overlay,2.0429,11.4985,945,True,True,0.0,0.865,0.7694,1.5703,0.1006,8.0853,710,True,False,completed,completed
2026-06-02T20:53:13,GLD,2.1631,GLD_logdollar_trend_scan_cdf_overlay_t0.45,B,GLD,logdollar,trend_scan+bgm,0.45,cdf_overlay,1.7978,1.5774,487,True,True,0.0,0.7427,0.533,1.1425,4.741,66.2281,710,False,False,completed,completed
2026-06-02T21:33:54,IWM,0.5496,IWM_logdollar_always_long_always_long_t0.50,A,IWM,imbalance,bgm,0.45,cdf_overlay,0.5116,4.6221,639,True,True,0.1271,0.8415,0.6472,0.539,2.4923,87.2925,710,False,False,completed,completed
2026-06-02T21:33:54,IWM,0.5496,IWM_logdollar_always_long_always_long_t0.50,B,IWM,logdollar,cusum_regime,0.45,cdf_overlay,0.7563,24.1633,857,True,True,-0.0169,0.9916,0.9399,0.7186,1.5635,12.0448,710,True,True,completed,completed
2026-06-02T21:40:58,XLE,0.8588,XLE_logdollar_tertile_cdf_overlay_t0.30,A,XLE,logdollar,trend_scan,0.45,cdf_overlay,0.0157,24.3006,369,True,True,0.9162,0.5911,0.5032,0.0446,-0.4109,7.5802,710,False,False,completed,completed
2026-06-02T21:40:58,XLE,0.8588,XLE_logdollar_tertile_cdf_overlay_t0.30,B,XLE,logdollar,bgm,0.45,cdf_overlay,1.0229,8.178,346,True,True,0.7097,0.7359,0.5802,0.9119,0.1003,10.8477,710,True,False,completed,completed
2026-06-02T21:48:13,TLT,-0.0387,TLT_logdollar_trend_scan_ls_overlay_t0.45,A,TLT,logdollar,bgm,0.45,ls_overlay,0.0279,31.5473,665,True,True,1.0629,0.8012,0.6354,0.0855,-0.1891,5.5617,710,True,False,completed,completed
2026-06-02T21:48:13,TLT,-0.0387,TLT_logdollar_trend_scan_ls_overlay_t0.45,B,TLT,imbalance,regime_gmm,0.45,ls_overlay,0.0,0.0,0,False,False,0.0,0.0,0.0,0.0,0.0,0.0,0,False,False,completed,completed
2026-06-02T22:31:27,TLT,-0.0387,TLT_logdollar_trend_scan_ls_overlay_t0.45,A,TLT,range,triple_barrier_meta,0.5,ls_overlay,-0.08,2.3684,393,True,True,0.0157,0.5299,0.4896,-0.118,0.4735,6.6561,710,False,False,completed,completed
2026-06-02T22:31:27,TLT,-0.0387,TLT_logdollar_trend_scan_ls_overlay_t0.45,B,TLT,logdollar,multi_horizon,0.45,ls_overlay,0.2847,25.2079,781,True,True,1.2813,0.7469,0.6887,0.3925,-0.1087,4.3271,710,True,False,completed,completed
2026-06-02T22:35:10,IWM,0.5496,IWM_logdollar_always_long_always_long_t0.50,A,IWM,logdollar,dc_reversal,0.45,cdf_overlay,0.4987,26.1935,1016,True,True,-0.074,0.9685,0.9478,0.7267,1.0185,27.4357,710,False,False,completed,completed
2026-06-02T22:35:10,IWM,0.5496,IWM_logdollar_always_long_always_long_t0.50,B,IWM,logdollar,multi_horizon,0.45,cdf_overlay,0.5772,7.385,331,True,True,0.6462,0.7267,0.5995,0.8106,1.6749,20.2734,710,True,False,completed,completed
2026-06-02T22:41:58,IWM,0.5496,IWM_logdollar_always_long_always_long_t0.50,A,IWM,tickimb,tertile,0.45,cdf_overlay,0.48,1.0244,46,False,False,0.1011,0.8137,0.4864,0.5381,3.1134,74.4932,710,False,False,completed,completed
2026-06-02T22:41:58,IWM,0.5496,IWM_logdollar_always_long_always_long_t0.50,B,IWM,zcusum,dc_trend,0.45,cdf_overlay,0.0562,52.6696,6306,True,True,-0.0503,0.9448,0.918,0.1385,1.7884,14.5663,710,True,False,completed,completed
2026-06-02T22:51:24,XLE,0.8588,XLE_logdollar_tertile_cdf_overlay_t0.30,A,XLE,logdollar,ker,0.45,cdf_overlay,0.9237,9.4348,432,True,True,0.889,0.6691,0.4148,0.8402,-0.295,5.8116,710,False,False,completed,completed
2026-06-02T22:51:24,XLE,0.8588,XLE_logdollar_tertile_cdf_overlay_t0.30,B,XLE,logdollar,ker,0.45,ls_overlay,0.9691,6.5018,336,True,True,0.846,0.6691,0.4148,0.8672,-0.2786,5.7246,710,True,False,completed,completed
